Code Domaine,Domaine,Code zone (M49),Zone,Code Élément,Élément,Code Produit,Produit,Code année,Année,Unité,Valeur,Symbole,Description du Symbole,Note
"MK","Indicateurs macro","004","Afghanistan","6119","Valeur US $ par habitant","22008","Produit Intérieur Brut","2017","2017","USD","534.020133","X","Ciffre de sources internationales",""
"MK","Indicateurs macro","004","Afghanistan","61290","Croissance annuelle US$ par habitant","22008","Produit Intérieur Brut","2017","2017","%","1.492959","X","Ciffre de sources internationales",""
"MK","Indicateurs macro","710","Afrique du Sud","6119","Valeur US $ par habitant","22008","Produit Intérieur Brut","2017","2017","USD","6723.928582","X","Ciffre de sources internationales",""
"MK","Indicateurs macro","710","Afrique du Sud","61290","Croissance annuelle US$ par habitant","22008","Produit Intérieur Brut","2017","2017","%","17.248839","X","Ciffre de sources internationales",""
"MK","Indicateurs macro","008","Albanie","6119","Valeur US $ par habitant","22008","Produit Intérieur Brut","2017","2017","USD","4521.752217","X","Ciffre de sources internationales",""
"MK","Indicateurs macro","008","Albanie","61290","Croissance annuelle US$ par habitant","22008","Produit Intérieur Brut","2017","2017","%","9.831055","X","Ciffre de sources internationales",""
"MK","Indicateurs macro","012","Algérie","6119","Valeur US $ par habitant","22008","Produit Intérieur Brut","2017","2017","USD","4134.936055","X","Ciffre de sources internationales",""
"MK","Indicateurs macro","012","Algérie","61290","Croissance annuelle US$ par habitant","22008","Produit Intérieur Brut","2017","2017","%","4.228057","X","Ciffre de sources internationales",""
"MK","Indicateurs macro","276","Allemagne","6119","Valeur US $ par habitant","22008","Produit Intérieur Brut","2017","2017","USD","44670.222282","X","Ciffre de sources internationales",""
"MK","Indicateurs macro","276","Allemagne","61290","Croissance annuelle US$ par habitant","22008","Produit Intérieur Brut","2017","2017","%","6.063881","X","Ciffre de sources internationales",""
"MK","Indicateurs macro","020","Andorre","6119","Valeur US $ par habitant","22008","Produit Intérieur Brut","2017","2017","USD","40632.206416","X","Ciffre de sources internationales",""
"MK","Indicateurs macro","020","Andorre","61290","Croissance annuelle US$ par habitant","22008","Produit Intérieur Brut","2017","2017","%","1.824543","X","Ciffre de sources internationales",""
"MK","Indicateurs macro","024","Angola","6119","Valeur US $ par habitant","22008","Produit Intérieur Brut","2017","2017","USD","4042.681382","X","Ciffre de sources internationales",""
"MK","Indicateurs macro","024","Angola","61290","Croissance annuelle US$ par habitant","22008","Produit Intérieur Brut","2017","2017","%","16.553488","X","Ciffre de sources internationales",""
"MK","Indicateurs macro","660","Anguilla","6119","Valeur US $ par habitant","22008","Produit Intérieur Brut","2017","2017","USD","18718.318718","X","Ciffre de sources internationales",""
"MK","Indicateurs macro","660","Anguilla","61290","Croissance annuelle US$ par habitant","22008","Produit Intérieur Brut","2017","2017","%","-13.42068","X","Ciffre de sources internationales",""
"MK","Indicateurs macro","028","Antigua-et-Barbuda","6119","Valeur US $ par habitant","22008","Produit Intérieur Brut","2017","2017","USD","16110.3124","X","Ciffre de sources internationales",""
"MK","Indicateurs macro","028","Antigua-et-Barbuda","61290","Croissance annuelle US$ par habitant","22008","Produit Intérieur Brut","2017","2017","%","1.561282","X","Ciffre de sources internationales",""
"MK","Indicateurs macro","682","Arabie saoudite","6119","Valeur US $ par habitant","22008","Produit Intérieur Brut","2017","2017","USD","20910.482962","X","Ciffre de sources internationales",""
"MK","Indicateurs macro","682","Arabie saoudite","61290","Croissance annuelle US$ par habitant","22008","Produit Intérieur Brut","2017","2017","%","4.917488","X","Ciffre de sources internationales",""
"MK","Indicateurs macro","032","Argentine","6119","Valeur US $ par habitant","22008","Produit Intérieur Brut","2017","2017","USD","14609.78337","X","Ciffre de sources internationales",""
"MK","Indicateurs macro","032","Argentine","61290","Croissance annuelle US$ par habitant","22008","Produit Intérieur Brut","2017","2017","%","14.429876","X","Ciffre de sources internationales",""
"MK","Indicateurs macro","051","Arménie","6119","Valeur US $ par habitant","22008","Produit Intérieur Brut","2017","2017","USD","4041.995072","X","Ciffre de sources internationales",""
"MK","Indicateurs macro","051","Arménie","61290","Croissance annuelle US$ par habitant","22008","Produit Intérieur Brut","2017","2017","%","9.838244","X","Ciffre de sources internationales",""
"MK","Indicateurs macro","533","Aruba","6119","Valeur US $ par habitant","22008","Produit Intérieur Brut","2017","2017","USD","29329.092343","X","Ciffre de sources internationales",""
"MK","Indicateurs macro","533","Aruba","61290","Croissance annuelle US$ par habitant","22008","Produit Intérieur Brut","2017","2017","%","3.090937","X","Ciffre de sources internationales",""
"MK","Indicateurs macro","036","Australie","6119","Valeur US $ par habitant","22008","Produit Intérieur Brut","2017","2017","USD","57489.804356","X","Ciffre de sources internationales",""
"MK","Indicateurs macro","036","Australie","61290","Croissance annuelle US$ par habitant","22008","Produit Intérieur Brut","2017","2017","%","6.355818","X","Ciffre de sources internationales",""
"MK","Indicateurs macro","040","Autriche","6119","Valeur US $ par habitant","22008","Produit Intérieur Brut","2017","2017","USD","47429.535841","X","Ciffre de sources internationales",""
"MK","Indicateurs macro","040","Autriche","61290","Croissance annuelle US$ par habitant","22008","Produit Intérieur Brut","2017","2017","%","4.752368","X","Ciffre de sources internationales",""
"MK","Indicateurs macro","031","Azerbaïdjan","6119","Valeur US $ par habitant","22008","Produit Intérieur Brut","2017","2017","USD","4057.624007","X","Ciffre de sources internationales",""
"MK","Indicateurs macro","031","Azerbaïdjan","61290","Croissance annuelle US$ par habitant","22008","Produit Intérieur Brut","2017","2017","%","6.900086","X","Ciffre de sources internationales",""
"MK","Indicateurs macro","044","Bahamas","6119","Valeur US $ par habitant","22008","Produit Intérieur Brut","2017","2017","USD","31303.530973","X","Ciffre de sources internationales",""
"MK","Indicateurs macro","044","Bahamas","61290","Croissance annuelle US$ par habitant","22008","Produit Intérieur Brut","2017","2017","%","3.914287","X","Ciffre de sources internationales",""
"MK","Indicateurs macro","048","Bahreïn","6119","Valeur US $ par habitant","22008","Produit Intérieur Brut","2017","2017","USD","24349.836847","X","Ciffre de sources internationales",""
"MK","Indicateurs macro","048","Bahreïn","61290","Croissance annuelle US$ par habitant","22008","Produit Intérieur Brut","2017","2017","%","6.483332","X","Ciffre de sources internationales",""
"MK","Indicateurs macro","050","Bangladesh","6119","Valeur US $ par habitant","22008","Produit Intérieur Brut","2017","2017","USD","1785.836613","X","Ciffre de sources internationales",""
"MK","Indicateurs macro","050","Bangladesh","61290","Croissance annuelle US$ par habitant","22008","Produit Intérieur Brut","2017","2017","%","8.119817","X","Ciffre de sources internationales",""
"MK","Indicateurs macro","052","Barbade","6119","Valeur US $ par habitant","22008","Produit Intérieur Brut","2017","2017","USD","17881.563253","X","Ciffre de sources internationales",""
"MK","Indicateurs macro","052","Barbade","61290","Croissance annuelle US$ par habitant","22008","Produit Intérieur Brut","2017","2017","%","2.877784","X","Ciffre de sources internationales",""
"MK","Indicateurs macro","112","Bélarus","6119","Valeur US $ par habitant","22008","Produit Intérieur Brut","2017","2017","USD","5637.218192","X","Ciffre de sources internationales",""
"MK","Indicateurs macro","112","Bélarus","61290","Croissance annuelle US$ par habitant","22008","Produit Intérieur Brut","2017","2017","%","14.674484","X","Ciffre de sources internationales",""
"MK","Indicateurs macro","056","Belgique","6119","Valeur US $ par habitant","22008","Produit Intérieur Brut","2017","2017","USD","44162.256256","X","Ciffre de sources internationales",""
"MK","Indicateurs macro","056","Belgique","61290","Croissance annuelle US$ par habitant","22008","Produit Intérieur Brut","2017","2017","%","5.052642","X","Ciffre de sources internationales",""
"MK","Indicateurs macro","084","Belize","6119","Valeur US $ par habitant","22008","Produit Intérieur Brut","2017","2017","USD","6049.391948","X","Ciffre de sources internationales",""
"MK","Indicateurs macro","084","Belize","61290","Croissance annuelle US$ par habitant","22008","Produit Intérieur Brut","2017","2017","%","-0.828943","X","Ciffre de sources internationales",""
"MK","Indicateurs macro","204","Bénin","6119","Valeur US $ par habitant","22008","Produit Intérieur Brut","2017","2017","USD","1095.274133","X","Ciffre de sources internationales",""
"MK","Indicateurs macro","204","Bénin","61290","Croissance annuelle US$ par habitant","22008","Produit Intérieur Brut","2017","2017","%","4.329677","X","Ciffre de sources internationales",""
"MK","Indicateurs macro","060","Bermudes","6119","Valeur US $ par habitant","22008","Produit Intérieur Brut","2017","2017","USD","112539.075464","X","Ciffre de sources internationales",""
"MK","Indicateurs macro","060","Bermudes","61290","Croissance annuelle US$ par habitant","22008","Produit Intérieur Brut","2017","2017","%","2.844302","X","Ciffre de sources internationales",""
"MK","Indicateurs macro","064","Bhoutan","6119","Valeur US $ par habitant","22008","Produit Intérieur Brut","2017","2017","USD","3427.173682","X","Ciffre de sources internationales",""
"MK","Indicateurs macro","064","Bhoutan","61290","Croissance annuelle US$ par habitant","22008","Produit Intérieur Brut","2017","2017","%","14.660374","X","Ciffre de sources internationales",""
"MK","Indicateurs macro","068","Bolivie (État plurinational de)","6119","Valeur US $ par habitant","22008","Produit Intérieur Brut","2017","2017","USD","3280.008213","X","Ciffre de sources internationales",""
"MK","Indicateurs macro","068","Bolivie (État plurinational de)","61290","Croissance annuelle US$ par habitant","22008","Produit Intérieur Brut","2017","2017","%","8.843712","X","Ciffre de sources internationales",""
"MK","Indicateurs macro","070","Bosnie-Herzégovine","6119","Valeur US $ par habitant","22008","Produit Intérieur Brut","2017","2017","USD","5327.393184","X","Ciffre de sources internationales",""
"MK","Indicateurs macro","070","Bosnie-Herzégovine","61290","Croissance annuelle US$ par habitant","22008","Produit Intérieur Brut","2017","2017","%","8.340603","X","Ciffre de sources internationales",""
"MK","Indicateurs macro","072","Botswana","6119","Valeur US $ par habitant","22008","Produit Intérieur Brut","2017","2017","USD","6705.339802","X","Ciffre de sources internationales",""
"MK","Indicateurs macro","072","Botswana","61290","Croissance annuelle US$ par habitant","22008","Produit Intérieur Brut","2017","2017","%","4.582139","X","Ciffre de sources internationales",""
"MK","Indicateurs macro","076","Brésil","6119","Valeur US $ par habitant","22008","Produit Intérieur Brut","2017","2017","USD","9896.717511","X","Ciffre de sources internationales",""
"MK","Indicateurs macro","076","Brésil","61290","Croissance annuelle US$ par habitant","22008","Produit Intérieur Brut","2017","2017","%","14.007823","X","Ciffre de sources internationales",""
"MK","Indicateurs macro","096","Brunéi Darussalam","6119","Valeur US $ par habitant","22008","Produit Intérieur Brut","2017","2017","USD","28186.946531","X","Ciffre de sources internationales",""
"MK","Indicateurs macro","096","Brunéi Darussalam","61290","Croissance annuelle US$ par habitant","22008","Produit Intérieur Brut","2017","2017","%","5.326217","X","Ciffre de sources internationales",""
"MK","Indicateurs macro","100","Bulgarie","6119","Valeur US $ par habitant","22008","Produit Intérieur Brut","2017","2017","USD","8237.83476","X","Ciffre de sources internationales",""
"MK","Indicateurs macro","100","Bulgarie","61290","Croissance annuelle US$ par habitant","22008","Produit Intérieur Brut","2017","2017","%","10.683896","X","Ciffre de sources internationales",""
"MK","Indicateurs macro","854","Burkina Faso","6119","Valeur US $ par habitant","22008","Produit Intérieur Brut","2017","2017","USD","711.184631","X","Ciffre de sources internationales",""
"MK","Indicateurs macro","854","Burkina Faso","61290","Croissance annuelle US$ par habitant","22008","Produit Intérieur Brut","2017","2017","%","6.818791","X","Ciffre de sources internationales",""
"MK","Indicateurs macro","108","Burundi","6119","Valeur US $ par habitant","22008","Produit Intérieur Brut","2017","2017","USD","295.620936","X","Ciffre de sources internationales",""
"MK","Indicateurs macro","108","Burundi","61290","Croissance annuelle US$ par habitant","22008","Produit Intérieur Brut","2017","2017","%","10.005327","X","Ciffre de sources internationales",""
"MK","Indicateurs macro","132","Cabo Verde","6119","Valeur US $ par habitant","22008","Produit Intérieur Brut","2017","2017","USD","3534.343583","X","Ciffre de sources internationales",""
"MK","Indicateurs macro","132","Cabo Verde","61290","Croissance annuelle US$ par habitant","22008","Produit Intérieur Brut","2017","2017","%","6.690656","X","Ciffre de sources internationales",""
"MK","Indicateurs macro","116","Cambodge","6119","Valeur US $ par habitant","22008","Produit Intérieur Brut","2017","2017","USD","1400.899265","X","Ciffre de sources internationales",""
"MK","Indicateurs macro","116","Cambodge","61290","Croissance annuelle US$ par habitant","22008","Produit Intérieur Brut","2017","2017","%","9.350771","X","Ciffre de sources internationales",""
"MK","Indicateurs macro","120","Cameroun","6119","Valeur US $ par habitant","22008","Produit Intérieur Brut","2017","2017","USD","1479.862223","X","Ciffre de sources internationales",""
"MK","Indicateurs macro","120","Cameroun","61290","Croissance annuelle US$ par habitant","22008","Produit Intérieur Brut","2017","2017","%","3.772389","X","Ciffre de sources internationales",""
"MK","Indicateurs macro","124","Canada","6119","Valeur US $ par habitant","22008","Produit Intérieur Brut","2017","2017","USD","45125.109808","X","Ciffre de sources internationales",""
"MK","Indicateurs macro","124","Canada","61290","Croissance annuelle US$ par habitant","22008","Produit Intérieur Brut","2017","2017","%","6.633909","X","Ciffre de sources internationales",""
"MK","Indicateurs macro","152","Chili","6119","Valeur US $ par habitant","22008","Produit Intérieur Brut","2017","2017","USD","15081.989132","X","Ciffre de sources internationales",""
"MK","Indicateurs macro","152","Chili","61290","Croissance annuelle US$ par habitant","22008","Produit Intérieur Brut","2017","2017","%","8.904615","X","Ciffre de sources internationales",""
"MK","Indicateurs macro","159","Chine","6119","Valeur US $ par habitant","22008","Produit Intérieur Brut","2017","2017","USD","8955.415311","X","Ciffre de sources internationales",""
"MK","Indicateurs macro","159","Chine","61290","Croissance annuelle US$ par habitant","22008","Produit Intérieur Brut","2017","2017","%","8.858026","X","Ciffre de sources internationales",""
"MK","Indicateurs macro","344","Chine - RAS de Hong-Kong","6119","Valeur US $ par habitant","22008","Produit Intérieur Brut","2017","2017","USD","45737.483211","X","Ciffre de sources internationales",""
"MK","Indicateurs macro","344","Chine - RAS de Hong-Kong","61290","Croissance annuelle US$ par habitant","22008","Produit Intérieur Brut","2017","2017","%","5.996462","X","Ciffre de sources internationales",""
"MK","Indicateurs macro","446","Chine - RAS de Macao","6119","Valeur US $ par habitant","22008","Produit Intérieur Brut","2017","2017","USD","78896.274749","X","Ciffre de sources internationales",""
"MK","Indicateurs macro","446","Chine - RAS de Macao","61290","Croissance annuelle US$ par habitant","22008","Produit Intérieur Brut","2017","2017","%","9.701493","X","Ciffre de sources internationales",""
"MK","Indicateurs macro","156","Chine, continentale","6119","Valeur US $ par habitant","22008","Produit Intérieur Brut","2017","2017","USD","8729.13693","X","Ciffre de sources internationales",""
"MK","Indicateurs macro","156","Chine, continentale","61290","Croissance annuelle US$ par habitant","22008","Produit Intérieur Brut","2017","2017","%","8.937468","X","Ciffre de sources internationales",""
"MK","Indicateurs macro","196","Chypre","6119","Valeur US $ par habitant","22008","Produit Intérieur Brut","2017","2017","USD","18987.256286","X","Ciffre de sources internationales",""
"MK","Indicateurs macro","196","Chypre","61290","Croissance annuelle US$ par habitant","22008","Produit Intérieur Brut","2017","2017","%","8.141471","X","Ciffre de sources internationales",""
"MK","Indicateurs macro","170","Colombie","6119","Valeur US $ par habitant","22008","Produit Intérieur Brut","2017","2017","USD","6450.319585","X","Ciffre de sources internationales",""
"MK","Indicateurs macro","170","Colombie","61290","Croissance annuelle US$ par habitant","22008","Produit Intérieur Brut","2017","2017","%","8.619328","X","Ciffre de sources internationales",""
"MK","Indicateurs macro","174","Comores","6119","Valeur US $ par habitant","22008","Produit Intérieur Brut","2017","2017","USD","1414.586689","X","Ciffre de sources internationales",""
"MK","Indicateurs macro","174","Comores","61290","Croissance annuelle US$ par habitant","22008","Produit Intérieur Brut","2017","2017","%","4.29408","X","Ciffre de sources internationales",""
"MK","Indicateurs macro","178","Congo","6119","Valeur US $ par habitant","22008","Produit Intérieur Brut","2017","2017","USD","2227.732609","X","Ciffre de sources internationales",""
"MK","Indicateurs macro","178","Congo","61290","Croissance annuelle US$ par habitant","22008","Produit Intérieur Brut","2017","2017","%","5.704053","X","Ciffre de sources internationales",""
"MK","Indicateurs macro","188","Costa Rica","6119","Valeur US $ par habitant","22008","Produit Intérieur Brut","2017","2017","USD","12118.133618","X","Ciffre de sources internationales",""
"MK","Indicateurs macro","188","Costa Rica","61290","Croissance annuelle US$ par habitant","22008","Produit Intérieur Brut","2017","2017","%","1.834647","X","Ciffre de sources internationales",""
"MK","Indicateurs macro","384","Côte d'Ivoire","6119","Valeur US $ par habitant","22008","Produit Intérieur Brut","2017","2017","USD","2113.365991","X","Ciffre de sources internationales",""
"MK","Indicateurs macro","384","Côte d'Ivoire","61290","Croissance annuelle US$ par habitant","22008","Produit Intérieur Brut","2017","2017","%","5.709763","X","Ciffre de sources internationales",""
"MK","Indicateurs macro","191","Croatie","6119","Valeur US $ par habitant","22008","Produit Intérieur Brut","2017","2017","USD","13464.359144","X","Ciffre de sources internationales",""
"MK","Indicateurs macro","191","Croatie","61290","Croissance annuelle US$ par habitant","22008","Produit Intérieur Brut","2017","2017","%","8.283772","X","Ciffre de sources internationales",""
"MK","Indicateurs macro","192","Cuba","6119","Valeur US $ par habitant","22008","Produit Intérieur Brut","2017","2017","USD","8543.360968","X","Ciffre de sources internationales",""
"MK","Indicateurs macro","192","Cuba","61290","Croissance annuelle US$ par habitant","22008","Produit Intérieur Brut","2017","2017","%","6.051113","X","Ciffre de sources internationales",""
"MK","Indicateurs macro","531","Curaçao","6119","Valeur US $ par habitant","22008","Produit Intérieur Brut","2017","2017","USD","17685.182529","X","Ciffre de sources internationales",""
"MK","Indicateurs macro","531","Curaçao","61290","Croissance annuelle US$ par habitant","22008","Produit Intérieur Brut","2017","2017","%","-0.169929","X","Ciffre de sources internationales",""
"MK","Indicateurs macro","208","Danemark","6119","Valeur US $ par habitant","22008","Produit Intérieur Brut","2017","2017","USD","57888.203513","X","Ciffre de sources internationales",""
"MK","Indicateurs macro","208","Danemark","61290","Croissance annuelle US$ par habitant","22008","Produit Intérieur Brut","2017","2017","%","5.507151","X","Ciffre de sources internationales",""
"MK","Indicateurs macro","262","Djibouti","6119","Valeur US $ par habitant","22008","Produit Intérieur Brut","2017","2017","USD","2659.85416","X","Ciffre de sources internationales",""
"MK","Indicateurs macro","262","Djibouti","61290","Croissance annuelle US$ par habitant","22008","Produit Intérieur Brut","2017","2017","%","3.93866","X","Ciffre de sources internationales",""
"MK","Indicateurs macro","212","Dominique","6119","Valeur US $ par habitant","22008","Produit Intérieur Brut","2017","2017","USD","7395.991648","X","Ciffre de sources internationales",""
"MK","Indicateurs macro","212","Dominique","61290","Croissance annuelle US$ par habitant","22008","Produit Intérieur Brut","2017","2017","%","-10.057712","X","Ciffre de sources internationales",""
"MK","Indicateurs macro","818","Égypte","6119","Valeur US $ par habitant","22008","Produit Intérieur Brut","2017","2017","USD","1917.049576","X","Ciffre de sources internationales",""
"MK","Indicateurs macro","818","Égypte","61290","Croissance annuelle US$ par habitant","22008","Produit Intérieur Brut","2017","2017","%","-29.218427","X","Ciffre de sources internationales",""
"MK","Indicateurs macro","222","El Salvador","6119","Valeur US $ par habitant","22008","Produit Intérieur Brut","2017","2017","USD","3986.049014","X","Ciffre de sources internationales",""
"MK","Indicateurs macro","222","El Salvador","61290","Croissance annuelle US$ par habitant","22008","Produit Intérieur Brut","2017","2017","%","2.990353","X","Ciffre de sources internationales",""
"MK","Indicateurs macro","784","Émirats arabes unis","6119","Valeur US $ par habitant","22008","Produit Intérieur Brut","2017","2017","USD","43063.967477","X","Ciffre de sources internationales",""
"MK","Indicateurs macro","784","Émirats arabes unis","61290","Croissance annuelle US$ par habitant","22008","Produit Intérieur Brut","2017","2017","%","4.894532","X","Ciffre de sources internationales",""
"MK","Indicateurs macro","218","Équateur","6119","Valeur US $ par habitant","22008","Produit Intérieur Brut","2017","2017","USD","6246.404252","X","Ciffre de sources internationales",""
"MK","Indicateurs macro","218","Équateur","61290","Croissance annuelle US$ par habitant","22008","Produit Intérieur Brut","2017","2017","%","2.752312","X","Ciffre de sources internationales",""
"MK","Indicateurs macro","232","Érythrée","6119","Valeur US $ par habitant","22008","Produit Intérieur Brut","2017","2017","USD","560.495845","X","Ciffre de sources internationales",""
"MK","Indicateurs macro","232","Érythrée","61290","Croissance annuelle US$ par habitant","22008","Produit Intérieur Brut","2017","2017","%","-13.225465","X","Ciffre de sources internationales",""
"MK","Indicateurs macro","724","Espagne","6119","Valeur US $ par habitant","22008","Produit Intérieur Brut","2017","2017","USD","28190.806667","X","Ciffre de sources internationales",""
"MK","Indicateurs macro","724","Espagne","61290","Croissance annuelle US$ par habitant","22008","Produit Intérieur Brut","2017","2017","%","6.279025","X","Ciffre de sources internationales",""
"MK","Indicateurs macro","233","Estonie","6119","Valeur US $ par habitant","22008","Produit Intérieur Brut","2017","2017","USD","20435.205904","X","Ciffre de sources internationales",""
"MK","Indicateurs macro","233","Estonie","61290","Croissance annuelle US$ par habitant","22008","Produit Intérieur Brut","2017","2017","%","11.783644","X","Ciffre de sources internationales",""
"MK","Indicateurs macro","748","Eswatini","6119","Valeur US $ par habitant","22008","Produit Intérieur Brut","2017","2017","USD","3822.79341","X","Ciffre de sources internationales",""
"MK","Indicateurs macro","748","Eswatini","61290","Croissance annuelle US$ par habitant","22008","Produit Intérieur Brut","2017","2017","%","14.455325","X","Ciffre de sources internationales",""
"MK","Indicateurs macro","840","États-Unis d'Amérique","6119","Valeur US $ par habitant","22008","Produit Intérieur Brut","2017","2017","USD","59468.227644","X","Ciffre de sources internationales",""
"MK","Indicateurs macro","840","États-Unis d'Amérique","61290","Croissance annuelle US$ par habitant","22008","Produit Intérieur Brut","2017","2017","%","3.476277","X","Ciffre de sources internationales",""
"MK","Indicateurs macro","231","Éthiopie","6119","Valeur US $ par habitant","22008","Produit Intérieur Brut","2017","2017","USD","709.761008","X","Ciffre de sources internationales",""
"MK","Indicateurs macro","231","Éthiopie","61290","Croissance annuelle US$ par habitant","22008","Produit Intérieur Brut","2017","2017","%","3.569093","X","Ciffre de sources internationales",""
"MK","Indicateurs macro","643","Fédération de Russie","6119","Valeur US $ par habitant","22008","Produit Intérieur Brut","2017","2017","USD","10822.770083","X","Ciffre de sources internationales",""
"MK","Indicateurs macro","643","Fédération de Russie","61290","Croissance annuelle US$ par habitant","22008","Produit Intérieur Brut","2017","2017","%","23.002806","X","Ciffre de sources internationales",""
"MK","Indicateurs macro","242","Fidji","6119","Valeur US $ par habitant","22008","Produit Intérieur Brut","2017","2017","USD","5825.224293","X","Ciffre de sources internationales",""
"MK","Indicateurs macro","242","Fidji","61290","Croissance annuelle US$ par habitant","22008","Produit Intérieur Brut","2017","2017","%","8.508144","X","Ciffre de sources internationales",""
"MK","Indicateurs macro","246","Finlande","6119","Valeur US $ par habitant","22008","Produit Intérieur Brut","2017","2017","USD","46412.760009","X","Ciffre de sources internationales",""
"MK","Indicateurs macro","246","Finlande","61290","Croissance annuelle US$ par habitant","22008","Produit Intérieur Brut","2017","2017","%","6.00162","X","Ciffre de sources internationales",""
"MK","Indicateurs macro","250","France","6119","Valeur US $ par habitant","22008","Produit Intérieur Brut","2017","2017","USD","40458.149878","X","Ciffre de sources internationales",""
"MK","Indicateurs macro","250","France","61290","Croissance annuelle US$ par habitant","22008","Produit Intérieur Brut","2017","2017","%","4.758812","X","Ciffre de sources internationales",""
"MK","Indicateurs macro","266","Gabon","6119","Valeur US $ par habitant","22008","Produit Intérieur Brut","2017","2017","USD","6975.769483","X","Ciffre de sources internationales",""
"MK","Indicateurs macro","266","Gabon","61290","Croissance annuelle US$ par habitant","22008","Produit Intérieur Brut","2017","2017","%","3.772598","X","Ciffre de sources internationales",""
"MK","Indicateurs macro","270","Gambie","6119","Valeur US $ par habitant","22008","Produit Intérieur Brut","2017","2017","USD","632.019869","X","Ciffre de sources internationales",""
"MK","Indicateurs macro","270","Gambie","61290","Croissance annuelle US$ par habitant","22008","Produit Intérieur Brut","2017","2017","%","-0.186313","X","Ciffre de sources internationales",""
"MK","Indicateurs macro","268","Géorgie","6119","Valeur US $ par habitant","22008","Produit Intérieur Brut","2017","2017","USD","4306.234809","X","Ciffre de sources internationales",""
"MK","Indicateurs macro","268","Géorgie","61290","Croissance annuelle US$ par habitant","22008","Produit Intérieur Brut","2017","2017","%","7.249475","X","Ciffre de sources internationales",""
"MK","Indicateurs macro","288","Ghana","6119","Valeur US $ par habitant","22008","Produit Intérieur Brut","2017","2017","USD","1998.626937","X","Ciffre de sources internationales",""
"MK","Indicateurs macro","288","Ghana","61290","Croissance annuelle US$ par habitant","22008","Produit Intérieur Brut","2017","2017","%","5.16842","X","Ciffre de sources internationales",""
"MK","Indicateurs macro","300","Grèce","6119","Valeur US $ par habitant","22008","Produit Intérieur Brut","2017","2017","USD","18690.624484","X","Ciffre de sources internationales",""
"MK","Indicateurs macro","300","Grèce","61290","Croissance annuelle US$ par habitant","22008","Produit Intérieur Brut","2017","2017","%","4.094119","X","Ciffre de sources internationales",""
"MK","Indicateurs macro","308","Grenade","6119","Valeur US $ par habitant","22008","Produit Intérieur Brut","2017","2017","USD","9309.267842","X","Ciffre de sources internationales",""
"MK","Indicateurs macro","308","Grenade","61290","Croissance annuelle US$ par habitant","22008","Produit Intérieur Brut","2017","2017","%","5.195242","X","Ciffre de sources internationales",""
"MK","Indicateurs macro","304","Groenland","6119","Valeur US $ par habitant","22008","Produit Intérieur Brut","2017","2017","USD","50987.224252","X","Ciffre de sources internationales",""
"MK","Indicateurs macro","304","Groenland","61290","Croissance annuelle US$ par habitant","22008","Produit Intérieur Brut","2017","2017","%","5.314177","X","Ciffre de sources internationales",""
"MK","Indicateurs macro","320","Guatemala","6119","Valeur US $ par habitant","22008","Produit Intérieur Brut","2017","2017","USD","4322.031108","X","Ciffre de sources internationales",""
"MK","Indicateurs macro","320","Guatemala","61290","Croissance annuelle US$ par habitant","22008","Produit Intérieur Brut","2017","2017","%","6.59591","X","Ciffre de sources internationales",""
"MK","Indicateurs macro","324","Guinée","6119","Valeur US $ par habitant","22008","Produit Intérieur Brut","2017","2017","USD","843.464278","X","Ciffre de sources internationales",""
"MK","Indicateurs macro","324","Guinée","61290","Croissance annuelle US$ par habitant","22008","Produit Intérieur Brut","2017","2017","%","16.963677","X","Ciffre de sources internationales",""
"MK","Indicateurs macro","226","Guinée équatoriale","6119","Valeur US $ par habitant","22008","Produit Intérieur Brut","2017","2017","USD","8410.394419","X","Ciffre de sources internationales",""
"MK","Indicateurs macro","226","Guinée équatoriale","61290","Croissance annuelle US$ par habitant","22008","Produit Intérieur Brut","2017","2017","%","4.667926","X","Ciffre de sources internationales",""
"MK","Indicateurs macro","624","Guinée-Bissau","6119","Valeur US $ par habitant","22008","Produit Intérieur Brut","2017","2017","USD","718.245738","X","Ciffre de sources internationales",""
"MK","Indicateurs macro","624","Guinée-Bissau","61290","Croissance annuelle US$ par habitant","22008","Produit Intérieur Brut","2017","2017","%","11.760345","X","Ciffre de sources internationales",""
"MK","Indicateurs macro","328","Guyana","6119","Valeur US $ par habitant","22008","Produit Intérieur Brut","2017","2017","USD","6220.978568","X","Ciffre de sources internationales",""
"MK","Indicateurs macro","328","Guyana","61290","Croissance annuelle US$ par habitant","22008","Produit Intérieur Brut","2017","2017","%","5.344251","X","Ciffre de sources internationales",""
"MK","Indicateurs macro","332","Haïti","6119","Valeur US $ par habitant","22008","Produit Intérieur Brut","2017","2017","USD","1405.447377","X","Ciffre de sources internationales",""
"MK","Indicateurs macro","332","Haïti","61290","Croissance annuelle US$ par habitant","22008","Produit Intérieur Brut","2017","2017","%","12.45012","X","Ciffre de sources internationales",""
"MK","Indicateurs macro","340","Honduras","6119","Valeur US $ par habitant","22008","Produit Intérieur Brut","2017","2017","USD","2403.306094","X","Ciffre de sources internationales",""
"MK","Indicateurs macro","340","Honduras","61290","Croissance annuelle US$ par habitant","22008","Produit Intérieur Brut","2017","2017","%","4.694736","X","Ciffre de sources internationales",""
"MK","Indicateurs macro","348","Hongrie","6119","Valeur US $ par habitant","22008","Produit Intérieur Brut","2017","2017","USD","14619.783288","X","Ciffre de sources internationales",""
"MK","Indicateurs macro","348","Hongrie","61290","Croissance annuelle US$ par habitant","22008","Produit Intérieur Brut","2017","2017","%","11.573665","X","Ciffre de sources internationales",""
"MK","Indicateurs macro","136","Îles Caïmanes","6119","Valeur US $ par habitant","22008","Produit Intérieur Brut","2017","2017","USD","81255.112457","X","Ciffre de sources internationales",""
"MK","Indicateurs macro","136","Îles Caïmanes","61290","Croissance annuelle US$ par habitant","22008","Produit Intérieur Brut","2017","2017","%","3.039419","X","Ciffre de sources internationales",""
"MK","Indicateurs macro","184","Îles Cook","6119","Valeur US $ par habitant","22008","Produit Intérieur Brut","2017","2017","USD","19868.296031","X","Ciffre de sources internationales",""
"MK","Indicateurs macro","184","Îles Cook","61290","Croissance annuelle US$ par habitant","22008","Produit Intérieur Brut","2017","2017","%","12.50603","X","Ciffre de sources internationales",""
"MK","Indicateurs macro","584","Îles Marshall","6119","Valeur US $ par habitant","22008","Produit Intérieur Brut","2017","2017","USD","4507.623879","X","Ciffre de sources internationales",""
"MK","Indicateurs macro","584","Îles Marshall","61290","Croissance annuelle US$ par habitant","22008","Produit Intérieur Brut","2017","2017","%","8.535925","X","Ciffre de sources internationales",""
"MK","Indicateurs macro","090","Îles Salomon","6119","Valeur US $ par habitant","22008","Produit Intérieur Brut","2017","2017","USD","2283.581124","X","Ciffre de sources internationales",""
"MK","Indicateurs macro","090","Îles Salomon","61290","Croissance annuelle US$ par habitant","22008","Produit Intérieur Brut","2017","2017","%","3.975071","X","Ciffre de sources internationales",""
"MK","Indicateurs macro","796","Îles Turques-et-Caïques","6119","Valeur US $ par habitant","22008","Produit Intérieur Brut","2017","2017","USD","25659.195864","X","Ciffre de sources internationales",""
"MK","Indicateurs macro","796","Îles Turques-et-Caïques","61290","Croissance annuelle US$ par habitant","22008","Produit Intérieur Brut","2017","2017","%","-4.948453","X","Ciffre de sources internationales",""
"MK","Indicateurs macro","092","Îles Vierges britanniques","6119","Valeur US $ par habitant","22008","Produit Intérieur Brut","2017","2017","USD","43569.527611","X","Ciffre de sources internationales",""
"MK","Indicateurs macro","092","Îles Vierges britanniques","61290","Croissance annuelle US$ par habitant","22008","Produit Intérieur Brut","2017","2017","%","-7.82952","X","Ciffre de sources internationales",""
"MK","Indicateurs macro","356","Inde","6119","Valeur US $ par habitant","22008","Produit Intérieur Brut","2017","2017","USD","1937.924539","X","Ciffre de sources internationales",""
"MK","Indicateurs macro","356","Inde","61290","Croissance annuelle US$ par habitant","22008","Produit Intérieur Brut","2017","2017","%","13.253577","X","Ciffre de sources internationales",""
"MK","Indicateurs macro","360","Indonésie","6119","Valeur US $ par habitant","22008","Produit Intérieur Brut","2017","2017","USD","3839.785075","X","Ciffre de sources internationales",""
"MK","Indicateurs macro","360","Indonésie","61290","Croissance annuelle US$ par habitant","22008","Produit Intérieur Brut","2017","2017","%","7.894929","X","Ciffre de sources internationales",""
"MK","Indicateurs macro","364","Iran (République islamique d')","6119","Valeur US $ par habitant","22008","Produit Intérieur Brut","2017","2017","USD","5960.707147","X","Ciffre de sources internationales",""
"MK","Indicateurs macro","364","Iran (République islamique d')","61290","Croissance annuelle US$ par habitant","22008","Produit Intérieur Brut","2017","2017","%","6.539805","X","Ciffre de sources internationales",""
"MK","Indicateurs macro","368","Iraq","6119","Valeur US $ par habitant","22008","Produit Intérieur Brut","2017","2017","USD","4725.193371","X","Ciffre de sources internationales",""
"MK","Indicateurs macro","368","Iraq","61290","Croissance annuelle US$ par habitant","22008","Produit Intérieur Brut","2017","2017","%","9.755421","X","Ciffre de sources internationales",""
"MK","Indicateurs macro","372","Irlande","6119","Valeur US $ par habitant","22008","Produit Intérieur Brut","2017","2017","USD","70673.120437","X","Ciffre de sources internationales",""
"MK","Indicateurs macro","372","Irlande","61290","Croissance annuelle US$ par habitant","22008","Produit Intérieur Brut","2017","2017","%","11.705074","X","Ciffre de sources internationales",""
"MK","Indicateurs macro","352","Islande","6119","Valeur US $ par habitant","22008","Produit Intérieur Brut","2017","2017","USD","71961.532039","X","Ciffre de sources internationales",""
"MK","Indicateurs macro","352","Islande","61290","Croissance annuelle US$ par habitant","22008","Produit Intérieur Brut","2017","2017","%","16.171269","X","Ciffre de sources internationales",""
"MK","Indicateurs macro","376","Israël","6119","Valeur US $ par habitant","22008","Produit Intérieur Brut","2017","2017","USD","42991.619562","X","Ciffre de sources internationales",""
"MK","Indicateurs macro","376","Israël","61290","Croissance annuelle US$ par habitant","22008","Produit Intérieur Brut","2017","2017","%","9.287348","X","Ciffre de sources internationales",""
"MK","Indicateurs macro","380","Italie","6119","Valeur US $ par habitant","22008","Produit Intérieur Brut","2017","2017","USD","32694.406225","X","Ciffre de sources internationales",""
"MK","Indicateurs macro","380","Italie","61290","Croissance annuelle US$ par habitant","22008","Produit Intérieur Brut","2017","2017","%","4.784382","X","Ciffre de sources internationales",""
"MK","Indicateurs macro","388","Jamaïque","6119","Valeur US $ par habitant","22008","Produit Intérieur Brut","2017","2017","USD","5273.149061","X","Ciffre de sources internationales",""
"MK","Indicateurs macro","388","Jamaïque","61290","Croissance annuelle US$ par habitant","22008","Produit Intérieur Brut","2017","2017","%","4.986295","X","Ciffre de sources internationales",""
"MK","Indicateurs macro","392","Japon","6119","Valeur US $ par habitant","22008","Produit Intérieur Brut","2017","2017","USD","38928.952604","X","Ciffre de sources internationales",""
"MK","Indicateurs macro","392","Japon","61290","Croissance annuelle US$ par habitant","22008","Produit Intérieur Brut","2017","2017","%","-1.197915","X","Ciffre de sources internationales",""
"MK","Indicateurs macro","400","Jordanie","6119","Valeur US $ par habitant","22008","Produit Intérieur Brut","2017","2017","USD","4073.116404","X","Ciffre de sources internationales",""
"MK","Indicateurs macro","400","Jordanie","61290","Croissance annuelle US$ par habitant","22008","Produit Intérieur Brut","2017","2017","%","1.741309","X","Ciffre de sources internationales",""
"MK","Indicateurs macro","398","Kazakhstan","6119","Valeur US $ par habitant","22008","Produit Intérieur Brut","2017","2017","USD","9107.697679","X","Ciffre de sources internationales",""
"MK","Indicateurs macro","398","Kazakhstan","61290","Croissance annuelle US$ par habitant","22008","Produit Intérieur Brut","2017","2017","%","19.941732","X","Ciffre de sources internationales",""
"MK","Indicateurs macro","404","Kenya","6119","Valeur US $ par habitant","22008","Produit Intérieur Brut","2017","2017","USD","1675.973652","X","Ciffre de sources internationales",""
"MK","Indicateurs macro","404","Kenya","61290","Croissance annuelle US$ par habitant","22008","Produit Intérieur Brut","2017","2017","%","7.291393","X","Ciffre de sources internationales",""
"MK","Indicateurs macro","417","Kirghizistan","6119","Valeur US $ par habitant","22008","Produit Intérieur Brut","2017","2017","USD","1258.390778","X","Ciffre de sources internationales",""
"MK","Indicateurs macro","417","Kirghizistan","61290","Croissance annuelle US$ par habitant","22008","Produit Intérieur Brut","2017","2017","%","11.159047","X","Ciffre de sources internationales",""
"MK","Indicateurs macro","296","Kiribati","6119","Valeur US $ par habitant","22008","Produit Intérieur Brut","2017","2017","USD","1563.46714","X","Ciffre de sources internationales",""
"MK","Indicateurs macro","296","Kiribati","61290","Croissance annuelle US$ par habitant","22008","Produit Intérieur Brut","2017","2017","%","3.806623","X","Ciffre de sources internationales",""
"MK","Indicateurs macro","414","Koweït","6119","Valeur US $ par habitant","22008","Produit Intérieur Brut","2017","2017","USD","29258.289476","X","Ciffre de sources internationales",""
"MK","Indicateurs macro","414","Koweït","61290","Croissance annuelle US$ par habitant","22008","Produit Intérieur Brut","2017","2017","%","8.257188","X","Ciffre de sources internationales",""
"MK","Indicateurs macro","426","Lesotho","6119","Valeur US $ par habitant","22008","Produit Intérieur Brut","2017","2017","USD","1061.916962","X","Ciffre de sources internationales",""
"MK","Indicateurs macro","426","Lesotho","61290","Croissance annuelle US$ par habitant","22008","Produit Intérieur Brut","2017","2017","%","7.670523","X","Ciffre de sources internationales",""
"MK","Indicateurs macro","428","Lettonie","6119","Valeur US $ par habitant","22008","Produit Intérieur Brut","2017","2017","USD","15593.840393","X","Ciffre de sources internationales",""
"MK","Indicateurs macro","428","Lettonie","61290","Croissance annuelle US$ par habitant","22008","Produit Intérieur Brut","2017","2017","%","9.654664","X","Ciffre de sources internationales",""
"MK","Indicateurs macro","422","Liban","6119","Valeur US $ par habitant","22008","Produit Intérieur Brut","2017","2017","USD","8679.897422","X","Ciffre de sources internationales",""
"MK","Indicateurs macro","422","Liban","61290","Croissance annuelle US$ par habitant","22008","Produit Intérieur Brut","2017","2017","%","6.2112","X","Ciffre de sources internationales",""
"MK","Indicateurs macro","430","Libéria","6119","Valeur US $ par habitant","22008","Produit Intérieur Brut","2017","2017","USD","576.029301","X","Ciffre de sources internationales",""
"MK","Indicateurs macro","430","Libéria","61290","Croissance annuelle US$ par habitant","22008","Produit Intérieur Brut","2017","2017","%","-1.67393","X","Ciffre de sources internationales",""
"MK","Indicateurs macro","434","Libye","6119","Valeur US $ par habitant","22008","Produit Intérieur Brut","2017","2017","USD","10529.116269","X","Ciffre de sources internationales",""
"MK","Indicateurs macro","434","Libye","61290","Croissance annuelle US$ par habitant","22008","Produit Intérieur Brut","2017","2017","%","32.524962","X","Ciffre de sources internationales",""
"MK","Indicateurs macro","438","Liechtenstein","6119","Valeur US $ par habitant","22008","Produit Intérieur Brut","2017","2017","USD","170875.739911","X","Ciffre de sources internationales",""
"MK","Indicateurs macro","438","Liechtenstein","61290","Croissance annuelle US$ par habitant","22008","Produit Intérieur Brut","2017","2017","%","3.032821","X","Ciffre de sources internationales",""
"MK","Indicateurs macro","440","Lituanie","6119","Valeur US $ par habitant","22008","Produit Intérieur Brut","2017","2017","USD","16443.298019","X","Ciffre de sources internationales",""
"MK","Indicateurs macro","440","Lituanie","61290","Croissance annuelle US$ par habitant","22008","Produit Intérieur Brut","2017","2017","%","12.137155","X","Ciffre de sources internationales",""
"MK","Indicateurs macro","442","Luxembourg","6119","Valeur US $ par habitant","22008","Produit Intérieur Brut","2017","2017","USD","110203.008207","X","Ciffre de sources internationales",""
"MK","Indicateurs macro","442","Luxembourg","61290","Croissance annuelle US$ par habitant","22008","Produit Intérieur Brut","2017","2017","%","3.397501","X","Ciffre de sources internationales",""
"MK","Indicateurs macro","807","Macédoine du Nord","6119","Valeur US $ par habitant","22008","Produit Intérieur Brut","2017","2017","USD","5353.775388","X","Ciffre de sources internationales",""
"MK","Indicateurs macro","807","Macédoine du Nord","61290","Croissance annuelle US$ par habitant","22008","Produit Intérieur Brut","2017","2017","%","5.856667","X","Ciffre de sources internationales",""
"MK","Indicateurs macro","450","Madagascar","6119","Valeur US $ par habitant","22008","Produit Intérieur Brut","2017","2017","USD","503.498059","X","Ciffre de sources internationales",""
"MK","Indicateurs macro","450","Madagascar","61290","Croissance annuelle US$ par habitant","22008","Produit Intérieur Brut","2017","2017","%","8.368606","X","Ciffre de sources internationales",""
"MK","Indicateurs macro","458","Malaisie","6119","Valeur US $ par habitant","22008","Produit Intérieur Brut","2017","2017","USD","9979.705979","X","Ciffre de sources internationales",""
"MK","Indicateurs macro","458","Malaisie","61290","Croissance annuelle US$ par habitant","22008","Produit Intérieur Brut","2017","2017","%","4.437754","X","Ciffre de sources internationales",""
"MK","Indicateurs macro","454","Malawi","6119","Valeur US $ par habitant","22008","Produit Intérieur Brut","2017","2017","USD","500.165554","X","Ciffre de sources internationales",""
"MK","Indicateurs macro","454","Malawi","61290","Croissance annuelle US$ par habitant","22008","Produit Intérieur Brut","2017","2017","%","22.205563","X","Ciffre de sources internationales",""
"MK","Indicateurs macro","462","Maldives","6119","Valeur US $ par habitant","22008","Produit Intérieur Brut","2017","2017","USD","10194.746472","X","Ciffre de sources internationales",""
"MK","Indicateurs macro","462","Maldives","61290","Croissance annuelle US$ par habitant","22008","Produit Intérieur Brut","2017","2017","%","5.012338","X","Ciffre de sources internationales",""
"MK","Indicateurs macro","466","Mali","6119","Valeur US $ par habitant","22008","Produit Intérieur Brut","2017","2017","USD","795.682802","X","Ciffre de sources internationales",""
"MK","Indicateurs macro","466","Mali","61290","Croissance annuelle US$ par habitant","22008","Produit Intérieur Brut","2017","2017","%","6.083712","X","Ciffre de sources internationales",""
"MK","Indicateurs macro","470","Malte","6119","Valeur US $ par habitant","22008","Produit Intérieur Brut","2017","2017","USD","28122.28717","X","Ciffre de sources internationales",""
"MK","Indicateurs macro","470","Malte","61290","Croissance annuelle US$ par habitant","22008","Produit Intérieur Brut","2017","2017","%","12.803356","X","Ciffre de sources internationales",""
"MK","Indicateurs macro","504","Maroc","6119","Valeur US $ par habitant","22008","Produit Intérieur Brut","2017","2017","USD","3336.528682","X","Ciffre de sources internationales",""
"MK","Indicateurs macro","504","Maroc","61290","Croissance annuelle US$ par habitant","22008","Produit Intérieur Brut","2017","2017","%","4.986376","X","Ciffre de sources internationales",""
"MK","Indicateurs macro","480","Maurice","6119","Valeur US $ par habitant","22008","Produit Intérieur Brut","2017","2017","USD","10591.698261","X","Ciffre de sources internationales",""
"MK","Indicateurs macro","480","Maurice","61290","Croissance annuelle US$ par habitant","22008","Produit Intérieur Brut","2017","2017","%","8.818054","X","Ciffre de sources internationales",""
"MK","Indicateurs macro","478","Mauritanie","6119","Valeur US $ par habitant","22008","Produit Intérieur Brut","2017","2017","USD","1634.642174","X","Ciffre de sources internationales",""
"MK","Indicateurs macro","478","Mauritanie","61290","Croissance annuelle US$ par habitant","22008","Produit Intérieur Brut","2017","2017","%","3.510729","X","Ciffre de sources internationales",""
"MK","Indicateurs macro","484","Mexique","6119","Valeur US $ par habitant","22008","Produit Intérieur Brut","2017","2017","USD","9693.330262","X","Ciffre de sources internationales",""
"MK","Indicateurs macro","484","Mexique","61290","Croissance annuelle US$ par habitant","22008","Produit Intérieur Brut","2017","2017","%","5.906355","X","Ciffre de sources internationales",""
"MK","Indicateurs macro","583","Micronésie (États fédérés de)","6119","Valeur US $ par habitant","22008","Produit Intérieur Brut","2017","2017","USD","3320.355058","X","Ciffre de sources internationales",""
"MK","Indicateurs macro","583","Micronésie (États fédérés de)","61290","Croissance annuelle US$ par habitant","22008","Produit Intérieur Brut","2017","2017","%","9.849021","X","Ciffre de sources internationales",""
"MK","Indicateurs macro","492","Monaco","6119","Valeur US $ par habitant","22008","Produit Intérieur Brut","2017","2017","USD","173611.784301","X","Ciffre de sources internationales",""
"MK","Indicateurs macro","492","Monaco","61290","Croissance annuelle US$ par habitant","22008","Produit Intérieur Brut","2017","2017","%","-0.391424","X","Ciffre de sources internationales",""
"MK","Indicateurs macro","496","Mongolie","6119","Valeur US $ par habitant","22008","Produit Intérieur Brut","2017","2017","USD","3708.248167","X","Ciffre de sources internationales",""
"MK","Indicateurs macro","496","Mongolie","61290","Croissance annuelle US$ par habitant","22008","Produit Intérieur Brut","2017","2017","%","0.473924","X","Ciffre de sources internationales",""
"MK","Indicateurs macro","499","Monténégro","6119","Valeur US $ par habitant","22008","Produit Intérieur Brut","2017","2017","USD","7679.175158","X","Ciffre de sources internationales",""
"MK","Indicateurs macro","499","Monténégro","61290","Croissance annuelle US$ par habitant","22008","Produit Intérieur Brut","2017","2017","%","11.179503","X","Ciffre de sources internationales",""
"MK","Indicateurs macro","500","Montserrat","6119","Valeur US $ par habitant","22008","Produit Intérieur Brut","2017","2017","USD","12697.737107","X","Ciffre de sources internationales",""
"MK","Indicateurs macro","500","Montserrat","61290","Croissance annuelle US$ par habitant","22008","Produit Intérieur Brut","2017","2017","%","2.754675","X","Ciffre de sources internationales",""
"MK","Indicateurs macro","508","Mozambique","6119","Valeur US $ par habitant","22008","Produit Intérieur Brut","2017","2017","USD","464.294722","X","Ciffre de sources internationales",""
"MK","Indicateurs macro","508","Mozambique","61290","Croissance annuelle US$ par habitant","22008","Produit Intérieur Brut","2017","2017","%","6.548022","X","Ciffre de sources internationales",""
"MK","Indicateurs macro","104","Myanmar","6119","Valeur US $ par habitant","22008","Produit Intérieur Brut","2017","2017","USD","1233.563605","X","Ciffre de sources internationales",""
"MK","Indicateurs macro","104","Myanmar","61290","Croissance annuelle US$ par habitant","22008","Produit Intérieur Brut","2017","2017","%","0.750997","X","Ciffre de sources internationales",""
"MK","Indicateurs macro","516","Namibie","6119","Valeur US $ par habitant","22008","Produit Intérieur Brut","2017","2017","USD","5450.334422","X","Ciffre de sources internationales",""
"MK","Indicateurs macro","516","Namibie","61290","Croissance annuelle US$ par habitant","22008","Produit Intérieur Brut","2017","2017","%","18.10318","X","Ciffre de sources internationales",""
"MK","Indicateurs macro","520","Nauru","6119","Valeur US $ par habitant","22008","Produit Intérieur Brut","2017","2017","USD","11020.663091","X","Ciffre de sources internationales",""
"MK","Indicateurs macro","520","Nauru","61290","Croissance annuelle US$ par habitant","22008","Produit Intérieur Brut","2017","2017","%","6.66433","X","Ciffre de sources internationales",""
"MK","Indicateurs macro","524","Népal","6119","Valeur US $ par habitant","22008","Produit Intérieur Brut","2017","2017","USD","1044.692515","X","Ciffre de sources internationales",""
"MK","Indicateurs macro","524","Népal","61290","Croissance annuelle US$ par habitant","22008","Produit Intérieur Brut","2017","2017","%","19.836361","X","Ciffre de sources internationales",""
"MK","Indicateurs macro","558","Nicaragua","6119","Valeur US $ par habitant","22008","Produit Intérieur Brut","2017","2017","USD","2127.277953","X","Ciffre de sources internationales",""
"MK","Indicateurs macro","558","Nicaragua","61290","Croissance annuelle US$ par habitant","22008","Produit Intérieur Brut","2017","2017","%","2.30004","X","Ciffre de sources internationales",""
"MK","Indicateurs macro","562","Niger","6119","Valeur US $ par habitant","22008","Produit Intérieur Brut","2017","2017","USD","514.543477","X","Ciffre de sources internationales",""
"MK","Indicateurs macro","562","Niger","61290","Croissance annuelle US$ par habitant","22008","Produit Intérieur Brut","2017","2017","%","3.522334","X","Ciffre de sources internationales",""
"MK","Indicateurs macro","566","Nigéria","6119","Valeur US $ par habitant","22008","Produit Intérieur Brut","2017","2017","USD","1941.873934","X","Ciffre de sources internationales",""
"MK","Indicateurs macro","566","Nigéria","61290","Croissance annuelle US$ par habitant","22008","Produit Intérieur Brut","2017","2017","%","-9.460476","X","Ciffre de sources internationales",""
"MK","Indicateurs macro","578","Norvège","6119","Valeur US $ par habitant","22008","Produit Intérieur Brut","2017","2017","USD","76125.721765","X","Ciffre de sources internationales",""
"MK","Indicateurs macro","578","Norvège","61290","Croissance annuelle US$ par habitant","22008","Produit Intérieur Brut","2017","2017","%","7.464605","X","Ciffre de sources internationales",""
"MK","Indicateurs macro","540","Nouvelle-Calédonie","6119","Valeur US $ par habitant","22008","Produit Intérieur Brut","2017","2017","USD","32260.577425","X","Ciffre de sources internationales",""
"MK","Indicateurs macro","540","Nouvelle-Calédonie","61290","Croissance annuelle US$ par habitant","22008","Produit Intérieur Brut","2017","2017","%","4.94372","X","Ciffre de sources internationales",""
"MK","Indicateurs macro","554","Nouvelle-Zélande","6119","Valeur US $ par habitant","22008","Produit Intérieur Brut","2017","2017","USD","43519.867644","X","Ciffre de sources internationales",""
"MK","Indicateurs macro","554","Nouvelle-Zélande","61290","Croissance annuelle US$ par habitant","22008","Produit Intérieur Brut","2017","2017","%","7.581047","X","Ciffre de sources internationales",""
"MK","Indicateurs macro","512","Oman","6119","Valeur US $ par habitant","22008","Produit Intérieur Brut","2017","2017","USD","17802.548365","X","Ciffre de sources internationales",""
"MK","Indicateurs macro","512","Oman","61290","Croissance annuelle US$ par habitant","22008","Produit Intérieur Brut","2017","2017","%","4.216753","X","Ciffre de sources internationales",""
"MK","Indicateurs macro","800","Ouganda","6119","Valeur US $ par habitant","22008","Produit Intérieur Brut","2017","2017","USD","787.332281","X","Ciffre de sources internationales",""
"MK","Indicateurs macro","800","Ouganda","61290","Croissance annuelle US$ par habitant","22008","Produit Intérieur Brut","2017","2017","%","0.093253","X","Ciffre de sources internationales",""
"MK","Indicateurs macro","860","Ouzbékistan","6119","Valeur US $ par habitant","22008","Produit Intérieur Brut","2017","2017","USD","1943.340034","X","Ciffre de sources internationales",""
"MK","Indicateurs macro","860","Ouzbékistan","61290","Croissance annuelle US$ par habitant","22008","Produit Intérieur Brut","2017","2017","%","-29.038538","X","Ciffre de sources internationales",""
"MK","Indicateurs macro","586","Pakistan","6119","Valeur US $ par habitant","22008","Produit Intérieur Brut","2017","2017","USD","1558.080077","X","Ciffre de sources internationales",""
"MK","Indicateurs macro","586","Pakistan","61290","Croissance annuelle US$ par habitant","22008","Produit Intérieur Brut","2017","2017","%","6.510189","X","Ciffre de sources internationales",""
"MK","Indicateurs macro","585","Palaos","6119","Valeur US $ par habitant","22008","Produit Intérieur Brut","2017","2017","USD","16012.980378","X","Ciffre de sources internationales",""
"MK","Indicateurs macro","585","Palaos","61290","Croissance annuelle US$ par habitant","22008","Produit Intérieur Brut","2017","2017","%","-4.601257","X","Ciffre de sources internationales",""
"MK","Indicateurs macro","275","Palestine","6119","Valeur US $ par habitant","22008","Produit Intérieur Brut","2017","2017","USD","3430.798092","X","Ciffre de sources internationales",""
"MK","Indicateurs macro","275","Palestine","61290","Croissance annuelle US$ par habitant","22008","Produit Intérieur Brut","2017","2017","%","2.305457","X","Ciffre de sources internationales",""
"MK","Indicateurs macro","591","Panama","6119","Valeur US $ par habitant","22008","Produit Intérieur Brut","2017","2017","USD","15687.956548","X","Ciffre de sources internationales",""
"MK","Indicateurs macro","591","Panama","61290","Croissance annuelle US$ par habitant","22008","Produit Intérieur Brut","2017","2017","%","5.932423","X","Ciffre de sources internationales",""
"MK","Indicateurs macro","598","Papouasie-Nouvelle-Guinée","6119","Valeur US $ par habitant","22008","Produit Intérieur Brut","2017","2017","USD","2495.140473","X","Ciffre de sources internationales",""
"MK","Indicateurs macro","598","Papouasie-Nouvelle-Guinée","61290","Croissance annuelle US$ par habitant","22008","Produit Intérieur Brut","2017","2017","%","6.964554","X","Ciffre de sources internationales",""
"MK","Indicateurs macro","600","Paraguay","6119","Valeur US $ par habitant","22008","Produit Intérieur Brut","2017","2017","USD","6136.058354","X","Ciffre de sources internationales",""
"MK","Indicateurs macro","600","Paraguay","61290","Croissance annuelle US$ par habitant","22008","Produit Intérieur Brut","2017","2017","%","6.546508","X","Ciffre de sources internationales",""
"MK","Indicateurs macro","528","Pays-Bas (Royaume des)","6119","Valeur US $ par habitant","22008","Produit Intérieur Brut","2017","2017","USD","48460.51296","X","Ciffre de sources internationales",""
"MK","Indicateurs macro","528","Pays-Bas (Royaume des)","61290","Croissance annuelle US$ par habitant","22008","Produit Intérieur Brut","2017","2017","%","5.913522","X","Ciffre de sources internationales",""
"MK","Indicateurs macro","604","Pérou","6119","Valeur US $ par habitant","22008","Produit Intérieur Brut","2017","2017","USD","6676.307788","X","Ciffre de sources internationales",""
"MK","Indicateurs macro","604","Pérou","61290","Croissance annuelle US$ par habitant","22008","Produit Intérieur Brut","2017","2017","%","8.313727","X","Ciffre de sources internationales",""
"MK","Indicateurs macro","608","Philippines","6119","Valeur US $ par habitant","22008","Produit Intérieur Brut","2017","2017","USD","3077.434432","X","Ciffre de sources internationales",""
"MK","Indicateurs macro","608","Philippines","61290","Croissance annuelle US$ par habitant","22008","Produit Intérieur Brut","2017","2017","%","1.292969","X","Ciffre de sources internationales",""
"MK","Indicateurs macro","616","Pologne","6119","Valeur US $ par habitant","22008","Produit Intérieur Brut","2017","2017","USD","13615.440435","X","Ciffre de sources internationales",""
"MK","Indicateurs macro","616","Pologne","61290","Croissance annuelle US$ par habitant","22008","Produit Intérieur Brut","2017","2017","%","11.617931","X","Ciffre de sources internationales",""
"MK","Indicateurs macro","258","Polynésie française","6119","Valeur US $ par habitant","22008","Produit Intérieur Brut","2017","2017","USD","19743.958993","X","Ciffre de sources internationales",""
"MK","Indicateurs macro","258","Polynésie française","61290","Croissance annuelle US$ par habitant","22008","Produit Intérieur Brut","2017","2017","%","5.504092","X","Ciffre de sources internationales",""
"MK","Indicateurs macro","630","Porto Rico","6119","Valeur US $ par habitant","22008","Produit Intérieur Brut","2017","2017","USD","30728.74708","X","Ciffre de sources internationales",""
"MK","Indicateurs macro","630","Porto Rico","61290","Croissance annuelle US$ par habitant","22008","Produit Intérieur Brut","2017","2017","%","1.09942","X","Ciffre de sources internationales",""
"MK","Indicateurs macro","620","Portugal","6119","Valeur US $ par habitant","22008","Produit Intérieur Brut","2017","2017","USD","21475.355853","X","Ciffre de sources internationales",""
"MK","Indicateurs macro","620","Portugal","61290","Croissance annuelle US$ par habitant","22008","Produit Intérieur Brut","2017","2017","%","7.568871","X","Ciffre de sources internationales",""
"MK","Indicateurs macro","634","Qatar","6119","Valeur US $ par habitant","22008","Produit Intérieur Brut","2017","2017","USD","59407.698046","X","Ciffre de sources internationales",""
"MK","Indicateurs macro","634","Qatar","61290","Croissance annuelle US$ par habitant","22008","Produit Intérieur Brut","2017","2017","%","1.608529","X","Ciffre de sources internationales",""
"MK","Indicateurs macro","760","République arabe syrienne","6119","Valeur US $ par habitant","22008","Produit Intérieur Brut","2017","2017","USD","892.713972","X","Ciffre de sources internationales",""
"MK","Indicateurs macro","760","République arabe syrienne","61290","Croissance annuelle US$ par habitant","22008","Produit Intérieur Brut","2017","2017","%","27.158193","X","Ciffre de sources internationales",""
"MK","Indicateurs macro","140","République centrafricaine","6119","Valeur US $ par habitant","22008","Produit Intérieur Brut","2017","2017","USD","414.740323","X","Ciffre de sources internationales",""
"MK","Indicateurs macro","140","République centrafricaine","61290","Croissance annuelle US$ par habitant","22008","Produit Intérieur Brut","2017","2017","%","11.448709","X","Ciffre de sources internationales",""
"MK","Indicateurs macro","410","République de Corée","6119","Valeur US $ par habitant","22008","Produit Intérieur Brut","2017","2017","USD","31524.94267","X","Ciffre de sources internationales",""
"MK","Indicateurs macro","410","République de Corée","61290","Croissance annuelle US$ par habitant","22008","Produit Intérieur Brut","2017","2017","%","7.828268","X","Ciffre de sources internationales",""
"MK","Indicateurs macro","498","République de Moldova","6119","Valeur US $ par habitant","22008","Produit Intérieur Brut","2017","2017","USD","2991.474964","X","Ciffre de sources internationales",""
"MK","Indicateurs macro","498","République de Moldova","61290","Croissance annuelle US$ par habitant","22008","Produit Intérieur Brut","2017","2017","%","20.88679","X","Ciffre de sources internationales",""
"MK","Indicateurs macro","180","République démocratique du Congo","6119","Valeur US $ par habitant","22008","Produit Intérieur Brut","2017","2017","USD","446.618447","X","Ciffre de sources internationales",""
"MK","Indicateurs macro","180","République démocratique du Congo","61290","Croissance annuelle US$ par habitant","22008","Produit Intérieur Brut","2017","2017","%","-9.839318","X","Ciffre de sources internationales",""
"MK","Indicateurs macro","418","République démocratique populaire lao","6119","Valeur US $ par habitant","22008","Produit Intérieur Brut","2017","2017","USD","2439.462412","X","Ciffre de sources internationales",""
"MK","Indicateurs macro","418","République démocratique populaire lao","61290","Croissance annuelle US$ par habitant","22008","Produit Intérieur Brut","2017","2017","%","6.361812","X","Ciffre de sources internationales",""
"MK","Indicateurs macro","214","République dominicaine","6119","Valeur US $ par habitant","22008","Produit Intérieur Brut","2017","2017","USD","7513.497951","X","Ciffre de sources internationales",""
"MK","Indicateurs macro","214","République dominicaine","61290","Croissance annuelle US$ par habitant","22008","Produit Intérieur Brut","2017","2017","%","4.514432","X","Ciffre de sources internationales",""
"MK","Indicateurs macro","408","République populaire démocratique de Corée","6119","Valeur US $ par habitant","22008","Produit Intérieur Brut","2017","2017","USD","680.534037","X","Ciffre de sources internationales",""
"MK","Indicateurs macro","408","République populaire démocratique de Corée","61290","Croissance annuelle US$ par habitant","22008","Produit Intérieur Brut","2017","2017","%","2.932826","X","Ciffre de sources internationales",""
"MK","Indicateurs macro","834","République-Unie de Tanzanie","6119","Valeur US $ par habitant","22008","Produit Intérieur Brut","2017","2017","USD","972.118866","X","Ciffre de sources internationales",""
"MK","Indicateurs macro","834","République-Unie de Tanzanie","61290","Croissance annuelle US$ par habitant","22008","Produit Intérieur Brut","2017","2017","%","3.618119","X","Ciffre de sources internationales",""
"MK","Indicateurs macro","642","Roumanie","6119","Valeur US $ par habitant","22008","Produit Intérieur Brut","2017","2017","USD","10667.994481","X","Ciffre de sources internationales",""
"MK","Indicateurs macro","642","Roumanie","61290","Croissance annuelle US$ par habitant","22008","Produit Intérieur Brut","2017","2017","%","13.98665","X","Ciffre de sources internationales",""
"MK","Indicateurs macro","826","Royaume-Uni de Grande-Bretagne et d'Irlande du Nord","6119","Valeur US $ par habitant","22008","Produit Intérieur Brut","2017","2017","USD","40568.470503","X","Ciffre de sources internationales",""
"MK","Indicateurs macro","826","Royaume-Uni de Grande-Bretagne et d'Irlande du Nord","61290","Croissance annuelle US$ par habitant","22008","Produit Intérieur Brut","2017","2017","%","-0.951075","X","Ciffre de sources internationales",""
"MK","Indicateurs macro","646","Rwanda","6119","Valeur US $ par habitant","22008","Produit Intérieur Brut","2017","2017","USD","756.546025","X","Ciffre de sources internationales",""
"MK","Indicateurs macro","646","Rwanda","61290","Croissance annuelle US$ par habitant","22008","Produit Intérieur Brut","2017","2017","%","3.857762","X","Ciffre de sources internationales",""
"MK","Indicateurs macro","662","Sainte-Lucie","6119","Valeur US $ par habitant","22008","Produit Intérieur Brut","2017","2017","USD","11276.286475","X","Ciffre de sources internationales",""
"MK","Indicateurs macro","662","Sainte-Lucie","61290","Croissance annuelle US$ par habitant","22008","Produit Intérieur Brut","2017","2017","%","6.6407","X","Ciffre de sources internationales",""
"MK","Indicateurs macro","659","Saint-Kitts-et-Nevis","6119","Valeur US $ par habitant","22008","Produit Intérieur Brut","2017","2017","USD","22160.60363","X","Ciffre de sources internationales",""
"MK","Indicateurs macro","659","Saint-Kitts-et-Nevis","61290","Croissance annuelle US$ par habitant","22008","Produit Intérieur Brut","2017","2017","%","5.050186","X","Ciffre de sources internationales",""
"MK","Indicateurs macro","674","Saint-Marin","6119","Valeur US $ par habitant","22008","Produit Intérieur Brut","2017","2017","USD","44885.517828","X","Ciffre de sources internationales",""
"MK","Indicateurs macro","674","Saint-Marin","61290","Croissance annuelle US$ par habitant","22008","Produit Intérieur Brut","2017","2017","%","3.496854","X","Ciffre de sources internationales",""
"MK","Indicateurs macro","670","Saint-Vincent-et-les Grenadines","6119","Valeur US $ par habitant","22008","Produit Intérieur Brut","2017","2017","USD","7996.654529","X","Ciffre de sources internationales",""
"MK","Indicateurs macro","670","Saint-Vincent-et-les Grenadines","61290","Croissance annuelle US$ par habitant","22008","Produit Intérieur Brut","2017","2017","%","4.058166","X","Ciffre de sources internationales",""
"MK","Indicateurs macro","882","Samoa","6119","Valeur US $ par habitant","22008","Produit Intérieur Brut","2017","2017","USD","4246.467778","X","Ciffre de sources internationales",""
"MK","Indicateurs macro","882","Samoa","61290","Croissance annuelle US$ par habitant","22008","Produit Intérieur Brut","2017","2017","%","0.304245","X","Ciffre de sources internationales",""
"MK","Indicateurs macro","678","Sao Tomé-et-Principe","6119","Valeur US $ par habitant","22008","Produit Intérieur Brut","2017","2017","USD","1819.871902","X","Ciffre de sources internationales",""
"MK","Indicateurs macro","678","Sao Tomé-et-Principe","61290","Croissance annuelle US$ par habitant","22008","Produit Intérieur Brut","2017","2017","%","7.151988","X","Ciffre de sources internationales",""
"MK","Indicateurs macro","686","Sénégal","6119","Valeur US $ par habitant","22008","Produit Intérieur Brut","2017","2017","USD","1385.199669","X","Ciffre de sources internationales",""
"MK","Indicateurs macro","686","Sénégal","61290","Croissance annuelle US$ par habitant","22008","Produit Intérieur Brut","2017","2017","%","7.317389","X","Ciffre de sources internationales",""
"MK","Indicateurs macro","688","Serbie","6119","Valeur US $ par habitant","22008","Produit Intérieur Brut","2017","2017","USD","5918.256598","X","Ciffre de sources internationales",""
"MK","Indicateurs macro","688","Serbie","61290","Croissance annuelle US$ par habitant","22008","Produit Intérieur Brut","2017","2017","%","8.980832","X","Ciffre de sources internationales",""
"MK","Indicateurs macro","690","Seychelles","6119","Valeur US $ par habitant","22008","Produit Intérieur Brut","2017","2017","USD","16455.554723","X","Ciffre de sources internationales",""
"MK","Indicateurs macro","690","Seychelles","61290","Croissance annuelle US$ par habitant","22008","Produit Intérieur Brut","2017","2017","%","5.445816","X","Ciffre de sources internationales",""
"MK","Indicateurs macro","694","Sierra Leone","6119","Valeur US $ par habitant","22008","Produit Intérieur Brut","2017","2017","USD","487.010035","X","Ciffre de sources internationales",""
"MK","Indicateurs macro","694","Sierra Leone","61290","Croissance annuelle US$ par habitant","22008","Produit Intérieur Brut","2017","2017","%","-5.511742","X","Ciffre de sources internationales",""
"MK","Indicateurs macro","702","Singapour","6119","Valeur US $ par habitant","22008","Produit Intérieur Brut","2017","2017","USD","59549.584598","X","Ciffre de sources internationales",""
"MK","Indicateurs macro","702","Singapour","61290","Croissance annuelle US$ par habitant","22008","Produit Intérieur Brut","2017","2017","%","6.617883","X","Ciffre de sources internationales",""
"MK","Indicateurs macro","534","Sint Maarten (partie néerlandaise)","6119","Valeur US $ par habitant","22008","Produit Intérieur Brut","2017","2017","USD","30784.079673","X","Ciffre de sources internationales",""
"MK","Indicateurs macro","534","Sint Maarten (partie néerlandaise)","61290","Croissance annuelle US$ par habitant","22008","Produit Intérieur Brut","2017","2017","%","-9.20538","X","Ciffre de sources internationales",""
"MK","Indicateurs macro","703","Slovaquie","6119","Valeur US $ par habitant","22008","Produit Intérieur Brut","2017","2017","USD","17584.598912","X","Ciffre de sources internationales",""
"MK","Indicateurs macro","703","Slovaquie","61290","Croissance annuelle US$ par habitant","22008","Produit Intérieur Brut","2017","2017","%","6.245174","X","Ciffre de sources internationales",""
"MK","Indicateurs macro","705","Slovénie","6119","Valeur US $ par habitant","22008","Produit Intérieur Brut","2017","2017","USD","23155.397106","X","Ciffre de sources internationales",""
"MK","Indicateurs macro","705","Slovénie","61290","Croissance annuelle US$ par habitant","22008","Produit Intérieur Brut","2017","2017","%","8.178831","X","Ciffre de sources internationales",""
"MK","Indicateurs macro","706","Somalie","6119","Valeur US $ par habitant","22008","Produit Intérieur Brut","2017","2017","USD","555.158592","X","Ciffre de sources internationales",""
"MK","Indicateurs macro","706","Somalie","61290","Croissance annuelle US$ par habitant","22008","Produit Intérieur Brut","2017","2017","%","7.357553","X","Ciffre de sources internationales",""
"MK","Indicateurs macro","729","Soudan","6119","Valeur US $ par habitant","22008","Produit Intérieur Brut","2017","2017","USD","3000.817257","X","Ciffre de sources internationales",""
"MK","Indicateurs macro","729","Soudan","61290","Croissance annuelle US$ par habitant","22008","Produit Intérieur Brut","2017","2017","%","31.774105","X","Ciffre de sources internationales",""
"MK","Indicateurs macro","728","Soudan du Sud","6119","Valeur US $ par habitant","22008","Produit Intérieur Brut","2017","2017","USD","335.080867","X","Ciffre de sources internationales",""
"MK","Indicateurs macro","728","Soudan du Sud","61290","Croissance annuelle US$ par habitant","22008","Produit Intérieur Brut","2017","2017","%","13.174543","X","Ciffre de sources internationales",""
"MK","Indicateurs macro","144","Sri Lanka","6119","Valeur US $ par habitant","22008","Produit Intérieur Brut","2017","2017","USD","4388.201902","X","Ciffre de sources internationales",""
"MK","Indicateurs macro","144","Sri Lanka","61290","Croissance annuelle US$ par habitant","22008","Produit Intérieur Brut","2017","2017","%","6.825308","X","Ciffre de sources internationales",""
"MK","Indicateurs macro","752","Suède","6119","Valeur US $ par habitant","22008","Produit Intérieur Brut","2017","2017","USD","53788.877499","X","Ciffre de sources internationales",""
"MK","Indicateurs macro","752","Suède","61290","Croissance annuelle US$ par habitant","22008","Produit Intérieur Brut","2017","2017","%","3.824861","X","Ciffre de sources internationales",""
"MK","Indicateurs macro","756","Suisse","6119","Valeur US $ par habitant","22008","Produit Intérieur Brut","2017","2017","USD","82255.865969","X","Ciffre de sources internationales",""
"MK","Indicateurs macro","756","Suisse","61290","Croissance annuelle US$ par habitant","22008","Produit Intérieur Brut","2017","2017","%","0.11986","X","Ciffre de sources internationales",""
"MK","Indicateurs macro","740","Suriname","6119","Valeur US $ par habitant","22008","Produit Intérieur Brut","2017","2017","USD","6112.882912","X","Ciffre de sources internationales",""
"MK","Indicateurs macro","740","Suriname","61290","Croissance annuelle US$ par habitant","22008","Produit Intérieur Brut","2017","2017","%","7.142071","X","Ciffre de sources internationales",""
"MK","Indicateurs macro","762","Tadjikistan","6119","Valeur US $ par habitant","22008","Produit Intérieur Brut","2017","2017","USD","844.36525","X","Ciffre de sources internationales",""
"MK","Indicateurs macro","762","Tadjikistan","61290","Croissance annuelle US$ par habitant","22008","Produit Intérieur Brut","2017","2017","%","5.362083","X","Ciffre de sources internationales",""
"MK","Indicateurs macro","148","Tchad","6119","Valeur US $ par habitant","22008","Produit Intérieur Brut","2017","2017","USD","884.869685","X","Ciffre de sources internationales",""
"MK","Indicateurs macro","148","Tchad","61290","Croissance annuelle US$ par habitant","22008","Produit Intérieur Brut","2017","2017","%","-1.216983","X","Ciffre de sources internationales",""
"MK","Indicateurs macro","203","Tchéquie","6119","Valeur US $ par habitant","22008","Produit Intérieur Brut","2017","2017","USD","20759.909712","X","Ciffre de sources internationales",""
"MK","Indicateurs macro","203","Tchéquie","61290","Croissance annuelle US$ par habitant","22008","Produit Intérieur Brut","2017","2017","%","11.351472","X","Ciffre de sources internationales",""
"MK","Indicateurs macro","764","Thaïlande","6119","Valeur US $ par habitant","22008","Produit Intérieur Brut","2017","2017","USD","6436.79048","X","Ciffre de sources internationales",""
"MK","Indicateurs macro","764","Thaïlande","61290","Croissance annuelle US$ par habitant","22008","Produit Intérieur Brut","2017","2017","%","9.946734","X","Ciffre de sources internationales",""
"MK","Indicateurs macro","626","Timor-Leste","6119","Valeur US $ par habitant","22008","Produit Intérieur Brut","2017","2017","USD","1285.523946","X","Ciffre de sources internationales",""
"MK","Indicateurs macro","626","Timor-Leste","61290","Croissance annuelle US$ par habitant","22008","Produit Intérieur Brut","2017","2017","%","-4.744027","X","Ciffre de sources internationales",""
"MK","Indicateurs macro","768","Togo","6119","Valeur US $ par habitant","22008","Produit Intérieur Brut","2017","2017","USD","813.395007","X","Ciffre de sources internationales",""
"MK","Indicateurs macro","768","Togo","61290","Croissance annuelle US$ par habitant","22008","Produit Intérieur Brut","2017","2017","%","2.644293","X","Ciffre de sources internationales",""
"MK","Indicateurs macro","776","Tonga","6119","Valeur US $ par habitant","22008","Produit Intérieur Brut","2017","2017","USD","4376.266009","X","Ciffre de sources internationales",""
"MK","Indicateurs macro","776","Tonga","61290","Croissance annuelle US$ par habitant","22008","Produit Intérieur Brut","2017","2017","%","9.905628","X","Ciffre de sources internationales",""
"MK","Indicateurs macro","780","Trinité-et-Tobago","6119","Valeur US $ par habitant","22008","Produit Intérieur Brut","2017","2017","USD","16258.68897","X","Ciffre de sources internationales",""
"MK","Indicateurs macro","780","Trinité-et-Tobago","61290","Croissance annuelle US$ par habitant","22008","Produit Intérieur Brut","2017","2017","%","0.702702","X","Ciffre de sources internationales",""
"MK","Indicateurs macro","788","Tunisie","6119","Valeur US $ par habitant","22008","Produit Intérieur Brut","2017","2017","USD","3569.718839","X","Ciffre de sources internationales",""
"MK","Indicateurs macro","788","Tunisie","61290","Croissance annuelle US$ par habitant","22008","Produit Intérieur Brut","2017","2017","%","-5.963743","X","Ciffre de sources internationales",""
"MK","Indicateurs macro","795","Turkménistan","6119","Valeur US $ par habitant","22008","Produit Intérieur Brut","2017","2017","USD","6738.439771","X","Ciffre de sources internationales",""
"MK","Indicateurs macro","795","Turkménistan","61290","Croissance annuelle US$ par habitant","22008","Produit Intérieur Brut","2017","2017","%","9.332512","X","Ciffre de sources internationales",""
"MK","Indicateurs macro","792","Turquie","6119","Valeur US $ par habitant","22008","Produit Intérieur Brut","2017","2017","USD","10464.007788","X","Ciffre de sources internationales",""
"MK","Indicateurs macro","792","Turquie","61290","Croissance annuelle US$ par habitant","22008","Produit Intérieur Brut","2017","2017","%","-2.517629","X","Ciffre de sources internationales",""
"MK","Indicateurs macro","798","Tuvalu","6119","Valeur US $ par habitant","22008","Produit Intérieur Brut","2017","2017","USD","4183.205886","X","Ciffre de sources internationales",""
"MK","Indicateurs macro","798","Tuvalu","61290","Croissance annuelle US$ par habitant","22008","Produit Intérieur Brut","2017","2017","%","10.031596","X","Ciffre de sources internationales",""
"MK","Indicateurs macro","804","Ukraine","6119","Valeur US $ par habitant","22008","Produit Intérieur Brut","2017","2017","USD","2510.017662","X","Ciffre de sources internationales",""
"MK","Indicateurs macro","804","Ukraine","61290","Croissance annuelle US$ par habitant","22008","Produit Intérieur Brut","2017","2017","%","20.542019","X","Ciffre de sources internationales",""
"MK","Indicateurs macro","858","Uruguay","6119","Valeur US $ par habitant","22008","Produit Intérieur Brut","2017","2017","USD","18995.397019","X","Ciffre de sources internationales",""
"MK","Indicateurs macro","858","Uruguay","61290","Croissance annuelle US$ par habitant","22008","Produit Intérieur Brut","2017","2017","%","12.813067","X","Ciffre de sources internationales",""
"MK","Indicateurs macro","548","Vanuatu","6119","Valeur US $ par habitant","22008","Produit Intérieur Brut","2017","2017","USD","3032.145892","X","Ciffre de sources internationales",""
"MK","Indicateurs macro","548","Vanuatu","61290","Croissance annuelle US$ par habitant","22008","Produit Intérieur Brut","2017","2017","%","6.767151","X","Ciffre de sources internationales",""
"MK","Indicateurs macro","862","Venezuela (République bolivarienne du)","6119","Valeur US $ par habitant","22008","Produit Intérieur Brut","2017","2017","USD","8083.225762","X","Ciffre de sources internationales",""
"MK","Indicateurs macro","862","Venezuela (République bolivarienne du)","61290","Croissance annuelle US$ par habitant","22008","Produit Intérieur Brut","2017","2017","%","-13.660969","X","Ciffre de sources internationales",""
"MK","Indicateurs macro","704","Viet Nam","6119","Valeur US $ par habitant","22008","Produit Intérieur Brut","2017","2017","USD","2992.071534","X","Ciffre de sources internationales",""
"MK","Indicateurs macro","704","Viet Nam","61290","Croissance annuelle US$ par habitant","22008","Produit Intérieur Brut","2017","2017","%","8.380229","X","Ciffre de sources internationales",""
"MK","Indicateurs macro","887","Yémen","6119","Valeur US $ par habitant","22008","Produit Intérieur Brut","2017","2017","USD","612.353054","X","Ciffre de sources internationales",""
"MK","Indicateurs macro","887","Yémen","61290","Croissance annuelle US$ par habitant","22008","Produit Intérieur Brut","2017","2017","%","-4.284693","X","Ciffre de sources internationales",""
"MK","Indicateurs macro","894","Zambie","6119","Valeur US $ par habitant","22008","Produit Intérieur Brut","2017","2017","USD","1497.004453","X","Ciffre de sources internationales",""
"MK","Indicateurs macro","894","Zambie","61290","Croissance annuelle US$ par habitant","22008","Produit Intérieur Brut","2017","2017","%","21.90827","X","Ciffre de sources internationales",""
"MK","Indicateurs macro","716","Zimbabwe","6119","Valeur US $ par habitant","22008","Produit Intérieur Brut","2017","2017","USD","1494.170144","X","Ciffre de sources internationales",""
"MK","Indicateurs macro","716","Zimbabwe","61290","Croissance annuelle US$ par habitant","22008","Produit Intérieur Brut","2017","2017","%","5.090939","X","Ciffre de sources internationales",""
